keyword,locale,tool_name,target_market,exported_at,source_file,source_sheet,source_row,matched_seed,product_evidence,relevance_score,intent_risk,recommendation,semantic_status,semantic_reason,average_monthly_searches,competition,competition_index,three_month_change,year_over_year_change,raw_metrics
digital menu,en-US,Google Keyword Planner,United States,2026-08-18,Keyword Stats 2026-08-18 at 16_01_51.csv,,23,digital menu board,PF-002;PF-003,100,,REVIEW_RELEVANT,PENDING_REVIEW,,5000,高,96,0%,-90%,"{""Avg. monthly searches"": ""5000"", ""Competition"": ""高"", ""Competition (indexed value)"": ""96"", ""Top of page bid (high range)"": ""103.99"", ""Top of page bid (low range)"": ""21.79""}"
digital menu board,en-US,Google Keyword Planner,United States,2026-08-18,Keyword Stats 2026-08-18 at 16_01_51.csv,,6,digital menu board,PF-002;PF-003,100,,REVIEW_RELEVANT,PENDING_REVIEW,,5000,高,97,0%,0%,"{""Avg. monthly searches"": ""5000"", ""Competition"": ""高"", ""Competition (indexed value)"": ""97"", ""Top of page bid (high range)"": ""118.85"", ""Top of page bid (low range)"": ""23.90""}"
digital menu boards for restaurants,en-US,Google Keyword Planner,United States,2026-08-18,Keyword Stats 2026-08-18 at 16_01_51.csv,,24,digital menu board,PF-002;PF-003,100,,REVIEW_RELEVANT,PENDING_REVIEW,,5000,高,83,-90%,-90%,"{""Avg. monthly searches"": ""5000"", ""Competition"": ""高"", ""Competition (indexed value)"": ""83"", ""Top of page bid (high range)"": ""183.40"", ""Top of page bid (low range)"": ""40.45""}"
digital signage play,en-US,Google Keyword Planner,United States,2026-08-18,Keyword Stats 2026-08-18 at 16_01_51.csv,,95,digital signage player,PF-002;PF-003,100,,REVIEW_RELEVANT,PENDING_REVIEW,,5000,高,99,0%,0%,"{""Avg. monthly searches"": ""5000"", ""Competition"": ""高"", ""Competition (indexed value)"": ""99"", ""Top of page bid (high range)"": ""156.30"", ""Top of page bid (low range)"": ""28.91""}"
digital signage player,en-US,Google Keyword Planner,United States,2026-08-18,Keyword Stats 2026-08-18 at 16_01_51.csv,,5,digital signage player,PF-002;PF-003,100,,REVIEW_RELEVANT,PENDING_REVIEW,,5000,高,99,0%,0%,"{""Avg. monthly searches"": ""5000"", ""Competition"": ""高"", ""Competition (indexed value)"": ""99"", ""Top of page bid (high range)"": ""156.30"", ""Top of page bid (low range)"": ""28.91""}"
menu board,en-US,Google Keyword Planner,United States,2026-08-18,Keyword Stats 2026-08-18 at 16_01_51.csv,,25,digital menu board,PF-002;PF-003,100,,REVIEW_RELEVANT,PENDING_REVIEW,,5000,高,100,0%,0%,"{""Avg. monthly searches"": ""5000"", ""Competition"": ""高"", ""Competition (indexed value)"": ""100"", ""Top of page bid (high range)"": ""68.11"", ""Top of page bid (low range)"": ""5.13""}"
menu digital board,en-US,Google Keyword Planner,United States,2026-08-18,Keyword Stats 2026-08-18 at 16_01_51.csv,,78,digital menu board,PF-002;PF-003,100,,REVIEW_RELEVANT,PENDING_REVIEW,,5000,高,97,0%,0%,"{""Avg. monthly searches"": ""5000"", ""Competition"": ""高"", ""Competition (indexed value)"": ""97"", ""Top of page bid (high range)"": ""118.85"", ""Top of page bid (low range)"": ""23.90""}"
android digital signage,en-US,Google Keyword Planner,United States,2026-08-18,Keyword Stats 2026-08-18 at 16_01_51.csv,,4,android digital signage,PF-001;PF-003,100,,REVIEW_RELEVANT,PENDING_REVIEW,,500,中,64,0%,-90%,"{""Avg. monthly searches"": ""500"", ""Competition"": ""中"", ""Competition (indexed value)"": ""64"", ""Top of page bid (high range)"": ""187.16"", ""Top of page bid (low range)"": ""19.91""}"
digital menu boards price,en-US,Google Keyword Planner,United States,2026-08-18,Keyword Stats 2026-08-18 at 16_01_51.csv,,34,digital menu board,PF-002;PF-003,100,,REVIEW_RELEVANT,PENDING_REVIEW,,500,中,41,0%,-90%,"{""Avg. monthly searches"": ""500"", ""Competition"": ""中"", ""Competition (indexed value)"": ""41"", ""Top of page bid (high range)"": ""63.36"", ""Top of page bid (low range)"": ""18.99""}"
digital signage media player,en-US,Google Keyword Planner,United States,2026-08-18,Keyword Stats 2026-08-18 at 16_01_51.csv,,13,digital signage player,PF-002;PF-003,100,,REVIEW_RELEVANT,PENDING_REVIEW,,500,中,56,0%,0%,"{""Avg. monthly searches"": ""500"", ""Competition"": ""中"", ""Competition (indexed value)"": ""56"", ""Top of page bid (high range)"": ""141.56"", ""Top of page bid (low range)"": ""29.11""}"
digital signage software android,en-US,Google Keyword Planner,United States,2026-08-18,Keyword Stats 2026-08-18 at 16_01_51.csv,,11,android digital signage,PF-001;PF-003,100,,REVIEW_RELEVANT,PENDING_REVIEW,,500,中,64,0%,-90%,"{""Avg. monthly searches"": ""500"", ""Competition"": ""中"", ""Competition (indexed value)"": ""64"", ""Top of page bid (high range)"": ""187.16"", ""Top of page bid (low range)"": ""19.91""}"
play digital signage,en-US,Google Keyword Planner,United States,2026-08-18,Keyword Stats 2026-08-18 at 16_01_51.csv,,16,digital signage player,PF-002;PF-003,100,,REVIEW_RELEVANT,PENDING_REVIEW,,500,中,52,0%,0%,"{""Avg. monthly searches"": ""500"", ""Competition"": ""中"", ""Competition (indexed value)"": ""52"", ""Top of page bid (high range)"": ""158.12"", ""Top of page bid (low range)"": ""22.13""}"
play signage,en-US,Google Keyword Planner,United States,2026-08-18,Keyword Stats 2026-08-18 at 16_01_51.csv,,15,digital signage player,PF-002;PF-003,100,,REVIEW_RELEVANT,PENDING_REVIEW,,500,中,55,0%,0%,"{""Avg. monthly searches"": ""500"", ""Competition"": ""中"", ""Competition (indexed value)"": ""55"", ""Top of page bid (high range)"": ""60.28"", ""Top of page bid (low range)"": ""3.33""}"
signage player,en-US,Google Keyword Planner,United States,2026-08-18,Keyword Stats 2026-08-18 at 16_01_51.csv,,8,digital signage player,PF-002;PF-003,100,,REVIEW_RELEVANT,PENDING_REVIEW,,500,中,51,0%,0%,"{""Avg. monthly searches"": ""500"", ""Competition"": ""中"", ""Competition (indexed value)"": ""51"", ""Top of page bid (high range)"": ""172.72"", ""Top of page bid (low range)"": ""31.47""}"
android based digital signage,en-US,Google Keyword Planner,United States,2026-08-18,Keyword Stats 2026-08-18 at 16_01_51.csv,,86,android digital signage,PF-001;PF-003,100,,REVIEW_RELEVANT,PENDING_REVIEW,,50,低,0,0%,0%,"{""Avg. monthly searches"": ""50"", ""Competition"": ""低"", ""Competition (indexed value)"": ""0""}"
android box for digital signage,en-US,Google Keyword Planner,United States,2026-08-18,Keyword Stats 2026-08-18 at 16_01_51.csv,,92,android digital signage,PF-001;PF-003,100,,REVIEW_RELEVANT,PENDING_REVIEW,,50,高,100,0%,0%,"{""Avg. monthly searches"": ""50"", ""Competition"": ""高"", ""Competition (indexed value)"": ""100""}"
android digital signage app,en-US,Google Keyword Planner,United States,2026-08-18,Keyword Stats 2026-08-18 at 16_01_51.csv,,38,android digital signage,PF-001;PF-003,100,,REVIEW_RELEVANT,PENDING_REVIEW,,50,低,22,0%,0%,"{""Avg. monthly searches"": ""50"", ""Competition"": ""低"", ""Competition (indexed value)"": ""22""}"
android digital signage media player,en-US,Google Keyword Planner,United States,2026-08-18,Keyword Stats 2026-08-18 at 16_01_51.csv,,73,android digital signage,PF-001;PF-003,100,,REVIEW_RELEVANT,PENDING_REVIEW,,50,高,100,0%,0%,"{""Avg. monthly searches"": ""50"", ""Competition"": ""高"", ""Competition (indexed value)"": ""100""}"
android digital signage player,en-US,Google Keyword Planner,United States,2026-08-18,Keyword Stats 2026-08-18 at 16_01_51.csv,,9,android digital signage,PF-001;PF-003,100,,REVIEW_RELEVANT,PENDING_REVIEW,,50,中,66,0%,0%,"{""Avg. monthly searches"": ""50"", ""Competition"": ""中"", ""Competition (indexed value)"": ""66"", ""Top of page bid (high range)"": ""87.71"", ""Top of page bid (low range)"": ""26.26""}"
android media player for digital signage,en-US,Google Keyword Planner,United States,2026-08-18,Keyword Stats 2026-08-18 at 16_01_51.csv,,58,android digital signage,PF-001;PF-003,100,,REVIEW_RELEVANT,PENDING_REVIEW,,50,未知,,0%,-100%,"{""Avg. monthly searches"": ""50"", ""Competition"": ""未知""}"
android signage,en-US,Google Keyword Planner,United States,2026-08-18,Keyword Stats 2026-08-18 at 16_01_51.csv,,14,android digital signage,PF-001;PF-003,100,,REVIEW_RELEVANT,PENDING_REVIEW,,50,高,100,0%,0%,"{""Avg. monthly searches"": ""50"", ""Competition"": ""高"", ""Competition (indexed value)"": ""100""}"
basic digital menu board,en-US,Google Keyword Planner,United States,2026-08-18,Keyword Stats 2026-08-18 at 16_01_51.csv,,106,digital menu board,PF-002;PF-003,100,,REVIEW_RELEVANT,PENDING_REVIEW,,50,未知,,0%,0%,"{""Avg. monthly searches"": ""50"", ""Competition"": ""未知""}"
best digital signage player,en-US,Google Keyword Planner,United States,2026-08-18,Keyword Stats 2026-08-18 at 16_01_51.csv,,29,digital signage player,PF-002;PF-003,100,,REVIEW_RELEVANT,PENDING_REVIEW,,50,低,13,0%,-90%,"{""Avg. monthly searches"": ""50"", ""Competition"": ""低"", ""Competition (indexed value)"": ""13"", ""Top of page bid (high range)"": ""149.06"", ""Top of page bid (low range)"": ""31.26""}"
best media player for digital signage,en-US,Google Keyword Planner,United States,2026-08-18,Keyword Stats 2026-08-18 at 16_01_51.csv,,65,digital signage player,PF-002;PF-003,100,,REVIEW_RELEVANT,PENDING_REVIEW,,50,中,48,0%,0%,"{""Avg. monthly searches"": ""50"", ""Competition"": ""中"", ""Competition (indexed value)"": ""48"", ""Top of page bid (high range)"": ""165.64"", ""Top of page bid (low range)"": ""68.49""}"
cafe digital menu board,en-US,Google Keyword Planner,United States,2026-08-18,Keyword Stats 2026-08-18 at 16_01_51.csv,,74,digital menu board,PF-002;PF-003,100,,REVIEW_RELEVANT,PENDING_REVIEW,,50,低,15,0%,0%,"{""Avg. monthly searches"": ""50"", ""Competition"": ""低"", ""Competition (indexed value)"": ""15""}"
cool digital menu boards,en-US,Google Keyword Planner,United States,2026-08-18,Keyword Stats 2026-08-18 at 16_01_51.csv,,108,digital menu board,PF-002;PF-003,100,,REVIEW_RELEVANT,PENDING_REVIEW,,50,低,0,∞,∞,"{""Avg. monthly searches"": ""50"", ""Competition"": ""低"", ""Competition (indexed value)"": ""0""}"
digital food menu boards,en-US,Google Keyword Planner,United States,2026-08-18,Keyword Stats 2026-08-18 at 16_01_51.csv,,110,digital menu board,PF-002;PF-003,100,,REVIEW_RELEVANT,PENDING_REVIEW,,50,高,90,0%,0%,"{""Avg. monthly searches"": ""50"", ""Competition"": ""高"", ""Competition (indexed value)"": ""90"", ""Top of page bid (high range)"": ""92.19"", ""Top of page bid (low range)"": ""38.83""}"
digital menu board cafe,en-US,Google Keyword Planner,United States,2026-08-18,Keyword Stats 2026-08-18 at 16_01_51.csv,,111,digital menu board,PF-002;PF-003,100,,REVIEW_RELEVANT,PENDING_REVIEW,,50,低,15,0%,0%,"{""Avg. monthly searches"": ""50"", ""Competition"": ""低"", ""Competition (indexed value)"": ""15""}"
digital menu board cost,en-US,Google Keyword Planner,United States,2026-08-18,Keyword Stats 2026-08-18 at 16_01_51.csv,,76,digital menu board,PF-002;PF-003,100,,REVIEW_RELEVANT,PENDING_REVIEW,,50,中,36,0%,-90%,"{""Avg. monthly searches"": ""50"", ""Competition"": ""中"", ""Competition (indexed value)"": ""36"", ""Top of page bid (high range)"": ""35.85"", ""Top of page bid (low range)"": ""12.17""}"
digital menu board screens,en-US,Google Keyword Planner,United States,2026-08-18,Keyword Stats 2026-08-18 at 16_01_51.csv,,87,digital menu board,PF-002;PF-003,100,,REVIEW_RELEVANT,PENDING_REVIEW,,50,高,100,0%,0%,"{""Avg. monthly searches"": ""50"", ""Competition"": ""高"", ""Competition (indexed value)"": ""100""}"
digital menu board solutions,en-US,Google Keyword Planner,United States,2026-08-18,Keyword Stats 2026-08-18 at 16_01_51.csv,,105,digital menu board,PF-002;PF-003,100,,REVIEW_RELEVANT,PENDING_REVIEW,,50,中,64,0%,0%,"{""Avg. monthly searches"": ""50"", ""Competition"": ""中"", ""Competition (indexed value)"": ""64""}"
digital menu board system,en-US,Google Keyword Planner,United States,2026-08-18,Keyword Stats 2026-08-18 at 16_01_51.csv,,89,digital menu board,PF-002;PF-003,100,,REVIEW_RELEVANT,PENDING_REVIEW,,50,低,19,0%,0%,"{""Avg. monthly searches"": ""50"", ""Competition"": ""低"", ""Competition (indexed value)"": ""19""}"
digital menu boards near me,en-US,Google Keyword Planner,United States,2026-08-18,Keyword Stats 2026-08-18 at 16_01_51.csv,,42,digital menu board,PF-002;PF-003,100,,REVIEW_RELEVANT,PENDING_REVIEW,,50,高,80,0%,0%,"{""Avg. monthly searches"": ""50"", ""Competition"": ""高"", ""Competition (indexed value)"": ""80"", ""Top of page bid (high range)"": ""169.48"", ""Top of page bid (low range)"": ""32.58""}"
digital menu display board,en-US,Google Keyword Planner,United States,2026-08-18,Keyword Stats 2026-08-18 at 16_01_51.csv,,46,digital menu board,PF-002;PF-003,100,,REVIEW_RELEVANT,PENDING_REVIEW,,50,高,77,0%,0%,"{""Avg. monthly searches"": ""50"", ""Competition"": ""高"", ""Competition (indexed value)"": ""77"", ""Top of page bid (high range)"": ""117.38"", ""Top of page bid (low range)"": ""25.44""}"
digital screen menu board,en-US,Google Keyword Planner,United States,2026-08-18,Keyword Stats 2026-08-18 at 16_01_51.csv,,60,digital menu board,PF-002;PF-003,100,,REVIEW_RELEVANT,PENDING_REVIEW,,50,中,64,0%,0%,"{""Avg. monthly searches"": ""50"", ""Competition"": ""中"", ""Competition (indexed value)"": ""64""}"
digital signage android box,en-US,Google Keyword Planner,United States,2026-08-18,Keyword Stats 2026-08-18 at 16_01_51.csv,,82,android digital signage,PF-001;PF-003,100,,REVIEW_RELEVANT,PENDING_REVIEW,,50,高,100,0%,0%,"{""Avg. monthly searches"": ""50"", ""Competition"": ""高"", ""Competition (indexed value)"": ""100""}"
digital signage android tv,en-US,Google Keyword Planner,United States,2026-08-18,Keyword Stats 2026-08-18 at 16_01_51.csv,,17,android digital signage,PF-001;PF-003,100,,REVIEW_RELEVANT,PENDING_REVIEW,,50,高,76,0%,0%,"{""Avg. monthly searches"": ""50"", ""Competition"": ""高"", ""Competition (indexed value)"": ""76""}"
digital signage menu boards,en-US,Google Keyword Planner,United States,2026-08-18,Keyword Stats 2026-08-18 at 16_01_51.csv,,22,digital menu board,PF-002;PF-003,100,,REVIEW_RELEVANT,PENDING_REVIEW,,50,低,0,0%,0%,"{""Avg. monthly searches"": ""50"", ""Competition"": ""低"", ""Competition (indexed value)"": ""0""}"
digital signage player box,en-US,Google Keyword Planner,United States,2026-08-18,Keyword Stats 2026-08-18 at 16_01_51.csv,,96,digital signage player,PF-002;PF-003,100,,REVIEW_RELEVANT,PENDING_REVIEW,,50,低,25,0%,0%,"{""Avg. monthly searches"": ""50"", ""Competition"": ""低"", ""Competition (indexed value)"": ""25""}"
digital signage player for tv,en-US,Google Keyword Planner,United States,2026-08-18,Keyword Stats 2026-08-18 at 16_01_51.csv,,12,digital signage player,PF-002;PF-003,100,,REVIEW_RELEVANT,PENDING_REVIEW,,50,高,96,0%,0%,"{""Avg. monthly searches"": ""50"", ""Competition"": ""高"", ""Competition (indexed value)"": ""96"", ""Top of page bid (high range)"": ""133.68"", ""Top of page bid (low range)"": ""21.78""}"
lcd digital menu boards,en-US,Google Keyword Planner,United States,2026-08-18,Keyword Stats 2026-08-18 at 16_01_51.csv,,114,digital menu board,PF-002;PF-003,100,,REVIEW_RELEVANT,PENDING_REVIEW,,50,低,0,∞,0%,"{""Avg. monthly searches"": ""50"", ""Competition"": ""低"", ""Competition (indexed value)"": ""0""}"
network digital signage player,en-US,Google Keyword Planner,United States,2026-08-18,Keyword Stats 2026-08-18 at 16_01_51.csv,,98,digital signage player,PF-002;PF-003,100,,REVIEW_RELEVANT,PENDING_REVIEW,,50,低,21,0%,0%,"{""Avg. monthly searches"": ""50"", ""Competition"": ""低"", ""Competition (indexed value)"": ""21""}"
tablet signage,en-US,Google Keyword Planner,United States,2026-08-18,Keyword Stats 2026-08-18 at 16_01_51.csv,,7,tablet signage,PF-003;PF-006,100,,REVIEW_RELEVANT,PENDING_REVIEW,,50,低,0,0%,0%,"{""Avg. monthly searches"": ""50"", ""Competition"": ""低"", ""Competition (indexed value)"": ""0""}"
the menu board,en-US,Google Keyword Planner,United States,2026-08-18,Keyword Stats 2026-08-18 at 16_01_51.csv,,117,digital menu board,PF-002;PF-003,100,,REVIEW_RELEVANT,PENDING_REVIEW,,50,低,0,0%,0%,"{""Avg. monthly searches"": ""50"", ""Competition"": ""低"", ""Competition (indexed value)"": ""0""}"
wireless digital signage player,en-US,Google Keyword Planner,United States,2026-08-18,Keyword Stats 2026-08-18 at 16_01_51.csv,,56,digital signage player,PF-002;PF-003,100,,REVIEW_RELEVANT,PENDING_REVIEW,,50,未知,,-100%,-100%,"{""Avg. monthly searches"": ""50"", ""Competition"": ""未知""}"
digital signage web control,en-US,Google Keyword Planner,United States,2026-08-18,Keyword Stats 2026-08-18 at 16_01_51.csv,,120,digital signage web control,PF-001,100,,REVIEW_RELEVANT,PENDING_REVIEW,,,未知,,--,--,"{""Competition"": ""未知""}"
kiosk display app,en-US,Google Keyword Planner,United States,2026-08-18,Keyword Stats 2026-08-18 at 16_01_51.csv,,121,kiosk display app,PF-003;PF-006,100,,REVIEW_RELEVANT,PENDING_REVIEW,,,未知,,--,--,"{""Competition"": ""未知""}"
local network signage,en-US,Google Keyword Planner,United States,2026-08-18,Keyword Stats 2026-08-18 at 16_01_51.csv,,119,local network signage,PF-001;PF-004,100,,REVIEW_RELEVANT,PENDING_REVIEW,,,未知,,--,--,"{""Competition"": ""未知""}"
media playlist player,en-US,Google Keyword Planner,United States,2026-08-18,Keyword Stats 2026-08-18 at 16_01_51.csv,,123,media playlist player,PF-002,100,,REVIEW_RELEVANT,PENDING_REVIEW,,,未知,,--,--,"{""Competition"": ""未知""}"
multi device signage,en-US,Google Keyword Planner,United States,2026-08-18,Keyword Stats 2026-08-18 at 16_01_51.csv,,122,multi device signage,PF-004;PF-005,100,,REVIEW_RELEVANT,PENDING_REVIEW,,,未知,,--,--,"{""Competition"": ""未知""}"
offline signage player,en-US,Google Keyword Planner,United States,2026-08-18,Keyword Stats 2026-08-18 at 16_01_51.csv,,118,offline signage player,PF-001;PF-006,100,,REVIEW_RELEVANT,PENDING_REVIEW,,,未知,,--,--,"{""Competition"": ""未知""}"
electronic menu board,en-US,Google Keyword Planner,United States,2026-08-18,Keyword Stats 2026-08-18 at 16_01_51.csv,,27,digital menu board,PF-002;PF-003,67,,REVIEW_RELEVANT,PENDING_REVIEW,,5000,高,97,0%,0%,"{""Avg. monthly searches"": ""5000"", ""Competition"": ""高"", ""Competition (indexed value)"": ""97"", ""Top of page bid (high range)"": ""118.85"", ""Top of page bid (low range)"": ""23.90""}"
media player digital,en-US,Google Keyword Planner,United States,2026-08-18,Keyword Stats 2026-08-18 at 16_01_51.csv,,97,digital signage player,PF-002;PF-003,67,,REVIEW_RELEVANT,PENDING_REVIEW,,5000,中,37,0%,0%,"{""Avg. monthly searches"": ""5000"", ""Competition"": ""中"", ""Competition (indexed value)"": ""37"", ""Top of page bid (high range)"": ""8.83"", ""Top of page bid (low range)"": ""1.49""}"
digital menu display,en-US,Google Keyword Planner,United States,2026-08-18,Keyword Stats 2026-08-18 at 16_01_51.csv,,33,digital menu board,PF-002;PF-003,67,,REVIEW_RELEVANT,PENDING_REVIEW,,500,高,100,0%,0%,"{""Avg. monthly searches"": ""500"", ""Competition"": ""高"", ""Competition (indexed value)"": ""100"", ""Top of page bid (high range)"": ""144.81"", ""Top of page bid (low range)"": ""30.74""}"
digital menu display screens,en-US,Google Keyword Planner,United States,2026-08-18,Keyword Stats 2026-08-18 at 16_01_51.csv,,40,digital menu board,PF-002;PF-003,67,,REVIEW_RELEVANT,PENDING_REVIEW,,500,高,100,0%,0%,"{""Avg. monthly searches"": ""500"", ""Competition"": ""高"", ""Competition (indexed value)"": ""100"", ""Top of page bid (high range)"": ""99.48"", ""Top of page bid (low range)"": ""20.22""}"
digital menu for restaurants,en-US,Google Keyword Planner,United States,2026-08-18,Keyword Stats 2026-08-18 at 16_01_51.csv,,28,digital menu board,PF-002;PF-003,67,,REVIEW_RELEVANT,PENDING_REVIEW,,500,高,90,0%,0%,"{""Avg. monthly searches"": ""500"", ""Competition"": ""高"", ""Competition (indexed value)"": ""90"", ""Top of page bid (high range)"": ""150.24"", ""Top of page bid (low range)"": ""32.69""}"
digital menu screens,en-US,Google Keyword Planner,United States,2026-08-18,Keyword Stats 2026-08-18 at 16_01_51.csv,,30,digital menu board,PF-002;PF-003,67,,REVIEW_RELEVANT,PENDING_REVIEW,,500,高,100,0%,0%,"{""Avg. monthly searches"": ""500"", ""Competition"": ""高"", ""Competition (indexed value)"": ""100"", ""Top of page bid (high range)"": ""99.48"", ""Top of page bid (low range)"": ""20.22""}"
digital signage mediaplayer,en-US,Google Keyword Planner,United States,2026-08-18,Keyword Stats 2026-08-18 at 16_01_51.csv,,70,android digital signage,PF-001;PF-003,67,,REVIEW_RELEVANT,PENDING_REVIEW,,500,中,56,0%,0%,"{""Avg. monthly searches"": ""500"", ""Competition"": ""中"", ""Competition (indexed value)"": ""56"", ""Top of page bid (high range)"": ""141.56"", ""Top of page bid (low range)"": ""29.11""}"
digital signage on tv,en-US,Google Keyword Planner,United States,2026-08-18,Keyword Stats 2026-08-18 at 16_01_51.csv,,18,android digital signage,PF-001;PF-003,67,,REVIEW_RELEVANT,PENDING_REVIEW,,500,高,100,0%,0%,"{""Avg. monthly searches"": ""500"", ""Competition"": ""高"", ""Competition (indexed value)"": ""100"", ""Top of page bid (high range)"": ""142.30"", ""Top of page bid (low range)"": ""34.87""}"
digital signage restaurant,en-US,Google Keyword Planner,United States,2026-08-18,Keyword Stats 2026-08-18 at 16_01_51.csv,,47,android digital signage,PF-001;PF-003,67,,REVIEW_RELEVANT,PENDING_REVIEW,,500,高,76,0%,0%,"{""Avg. monthly searches"": ""500"", ""Competition"": ""高"", ""Competition (indexed value)"": ""76"", ""Top of page bid (high range)"": ""136.35"", ""Top of page bid (low range)"": ""39.58""}"
menu board signage,en-US,Google Keyword Planner,United States,2026-08-18,Keyword Stats 2026-08-18 at 16_01_51.csv,,88,digital menu board,PF-002;PF-003,67,,REVIEW_RELEVANT,PENDING_REVIEW,,500,高,100,0%,0%,"{""Avg. monthly searches"": ""500"", ""Competition"": ""高"", ""Competition (indexed value)"": ""100"", ""Top of page bid (high range)"": ""66.81"", ""Top of page bid (low range)"": ""10.11""}"
menu boards for restaurants,en-US,Google Keyword Planner,United States,2026-08-18,Keyword Stats 2026-08-18 at 16_01_51.csv,,32,digital menu board,PF-002;PF-003,67,,REVIEW_RELEVANT,PENDING_REVIEW,,500,高,100,0%,-90%,"{""Avg. monthly searches"": ""500"", ""Competition"": ""高"", ""Competition (indexed value)"": ""100"", ""Top of page bid (high range)"": ""95.85"", ""Top of page bid (low range)"": ""15.44""}"
menu digital display,en-US,Google Keyword Planner,United States,2026-08-18,Keyword Stats 2026-08-18 at 16_01_51.csv,,44,digital menu board,PF-002;PF-003,67,,REVIEW_RELEVANT,PENDING_REVIEW,,500,高,100,0%,0%,"{""Avg. monthly searches"": ""500"", ""Competition"": ""高"", ""Competition (indexed value)"": ""100"", ""Top of page bid (high range)"": ""144.81"", ""Top of page bid (low range)"": ""30.74""}"
menu display board,en-US,Google Keyword Planner,United States,2026-08-18,Keyword Stats 2026-08-18 at 16_01_51.csv,,35,digital menu board,PF-002;PF-003,67,,REVIEW_RELEVANT,PENDING_REVIEW,,500,高,100,0%,0%,"{""Avg. monthly searches"": ""500"", ""Competition"": ""高"", ""Competition (indexed value)"": ""100"", ""Top of page bid (high range)"": ""91.94"", ""Top of page bid (low range)"": ""12.27""}"
signage menu board,en-US,Google Keyword Planner,United States,2026-08-18,Keyword Stats 2026-08-18 at 16_01_51.csv,,91,digital menu board,PF-002;PF-003,67,,REVIEW_RELEVANT,PENDING_REVIEW,,500,高,100,0%,0%,"{""Avg. monthly searches"": ""500"", ""Competition"": ""高"", ""Competition (indexed value)"": ""100"", ""Top of page bid (high range)"": ""66.81"", ""Top of page bid (low range)"": ""10.11""}"
android digital display,en-US,Google Keyword Planner,United States,2026-08-18,Keyword Stats 2026-08-18 at 16_01_51.csv,,19,android digital signage,PF-001;PF-003,67,,REVIEW_RELEVANT,PENDING_REVIEW,,50,中,45,0%,0%,"{""Avg. monthly searches"": ""50"", ""Competition"": ""中"", ""Competition (indexed value)"": ""45""}"
android digital media player,en-US,Google Keyword Planner,United States,2026-08-18,Keyword Stats 2026-08-18 at 16_01_51.csv,,103,android digital signage,PF-001;PF-003,67,,REVIEW_RELEVANT,PENDING_REVIEW,,50,中,37,0%,0%,"{""Avg. monthly searches"": ""50"", ""Competition"": ""中"", ""Competition (indexed value)"": ""37""}"
android signage app,en-US,Google Keyword Planner,United States,2026-08-18,Keyword Stats 2026-08-18 at 16_01_51.csv,,69,android digital signage,PF-001;PF-003,67,,REVIEW_RELEVANT,PENDING_REVIEW,,50,高,71,0%,0%,"{""Avg. monthly searches"": ""50"", ""Competition"": ""高"", ""Competition (indexed value)"": ""71""}"
android signage display,en-US,Google Keyword Planner,United States,2026-08-18,Keyword Stats 2026-08-18 at 16_01_51.csv,,20,android digital signage,PF-001;PF-003,67,,REVIEW_RELEVANT,PENDING_REVIEW,,50,低,0,0%,0%,"{""Avg. monthly searches"": ""50"", ""Competition"": ""低"", ""Competition (indexed value)"": ""0""}"
android signage player,en-US,Google Keyword Planner,United States,2026-08-18,Keyword Stats 2026-08-18 at 16_01_51.csv,,10,android digital signage,PF-001;PF-003,67,,REVIEW_RELEVANT,PENDING_REVIEW,,50,中,48,0%,0%,"{""Avg. monthly searches"": ""50"", ""Competition"": ""中"", ""Competition (indexed value)"": ""48"", ""Top of page bid (high range)"": ""204.38"", ""Top of page bid (low range)"": ""47.61""}"
best digital signage,en-US,Google Keyword Planner,United States,2026-08-18,Keyword Stats 2026-08-18 at 16_01_51.csv,,21,android digital signage,PF-001;PF-003,67,,REVIEW_RELEVANT,PENDING_REVIEW,,50,高,82,0%,0%,"{""Avg. monthly searches"": ""50"", ""Competition"": ""高"", ""Competition (indexed value)"": ""82"", ""Top of page bid (high range)"": ""224.24"", ""Top of page bid (low range)"": ""38.26""}"
best digital signage displays,en-US,Google Keyword Planner,United States,2026-08-18,Keyword Stats 2026-08-18 at 16_01_51.csv,,67,android digital signage,PF-001;PF-003,67,,REVIEW_RELEVANT,PENDING_REVIEW,,50,中,52,0%,0%,"{""Avg. monthly searches"": ""50"", ""Competition"": ""中"", ""Competition (indexed value)"": ""52"", ""Top of page bid (high range)"": ""80.79"", ""Top of page bid (low range)"": ""22.39""}"
best digital signage screens,en-US,Google Keyword Planner,United States,2026-08-18,Keyword Stats 2026-08-18 at 16_01_51.csv,,79,android digital signage,PF-001;PF-003,67,,REVIEW_RELEVANT,PENDING_REVIEW,,50,低,0,0%,0%,"{""Avg. monthly searches"": ""50"", ""Competition"": ""低"", ""Competition (indexed value)"": ""0""}"
best digital signage solution,en-US,Google Keyword Planner,United States,2026-08-18,Keyword Stats 2026-08-18 at 16_01_51.csv,,50,android digital signage,PF-001;PF-003,67,,REVIEW_RELEVANT,PENDING_REVIEW,,50,高,68,0%,0%,"{""Avg. monthly searches"": ""50"", ""Competition"": ""高"", ""Competition (indexed value)"": ""68"", ""Top of page bid (high range)"": ""221.54"", ""Top of page bid (low range)"": ""58.48""}"
best displays for digital signage,en-US,Google Keyword Planner,United States,2026-08-18,Keyword Stats 2026-08-18 at 16_01_51.csv,,81,android digital signage,PF-001;PF-003,67,,REVIEW_RELEVANT,PENDING_REVIEW,,50,高,100,∞,0%,"{""Avg. monthly searches"": ""50"", ""Competition"": ""高"", ""Competition (indexed value)"": ""100""}"
cafe menu display boards,en-US,Google Keyword Planner,United States,2026-08-18,Keyword Stats 2026-08-18 at 16_01_51.csv,,107,digital menu board,PF-002;PF-003,67,,REVIEW_RELEVANT,PENDING_REVIEW,,50,中,36,0%,0%,"{""Avg. monthly searches"": ""50"", ""Competition"": ""中"", ""Competition (indexed value)"": ""36""}"
digital advertising player,en-US,Google Keyword Planner,United States,2026-08-18,Keyword Stats 2026-08-18 at 16_01_51.csv,,93,digital signage player,PF-002;PF-003,67,,REVIEW_RELEVANT,PENDING_REVIEW,,50,低,0,0%,0%,"{""Avg. monthly searches"": ""50"", ""Competition"": ""低"", ""Competition (indexed value)"": ""0""}"
digital board near me,en-US,Google Keyword Planner,United States,2026-08-18,Keyword Stats 2026-08-18 at 16_01_51.csv,,109,digital menu board,PF-002;PF-003,67,,REVIEW_RELEVANT,PENDING_REVIEW,,50,高,100,0%,0%,"{""Avg. monthly searches"": ""50"", ""Competition"": ""高"", ""Competition (indexed value)"": ""100""}"
digital display board for restaurant,en-US,Google Keyword Planner,United States,2026-08-18,Keyword Stats 2026-08-18 at 16_01_51.csv,,52,digital menu board,PF-002;PF-003,67,,REVIEW_RELEVANT,PENDING_REVIEW,,50,高,86,0%,0%,"{""Avg. monthly searches"": ""50"", ""Competition"": ""高"", ""Competition (indexed value)"": ""86""}"
digital display player,en-US,Google Keyword Planner,United States,2026-08-18,Keyword Stats 2026-08-18 at 16_01_51.csv,,55,digital signage player,PF-002;PF-003,67,,REVIEW_RELEVANT,PENDING_REVIEW,,50,中,50,0%,0%,"{""Avg. monthly searches"": ""50"", ""Competition"": ""中"", ""Competition (indexed value)"": ""50""}"
digital menu price,en-US,Google Keyword Planner,United States,2026-08-18,Keyword Stats 2026-08-18 at 16_01_51.csv,,84,digital menu board,PF-002;PF-003,67,,REVIEW_RELEVANT,PENDING_REVIEW,,50,中,37,0%,0%,"{""Avg. monthly searches"": ""50"", ""Competition"": ""中"", ""Competition (indexed value)"": ""37""}"
digital menu signage,en-US,Google Keyword Planner,United States,2026-08-18,Keyword Stats 2026-08-18 at 16_01_51.csv,,39,android digital signage,PF-001;PF-003,67,,REVIEW_RELEVANT,PENDING_REVIEW,,50,高,79,0%,0%,"{""Avg. monthly searches"": ""50"", ""Competition"": ""高"", ""Competition (indexed value)"": ""79"", ""Top of page bid (high range)"": ""97.07"", ""Top of page bid (low range)"": ""33.94""}"
digital menu solutions,en-US,Google Keyword Planner,United States,2026-08-18,Keyword Stats 2026-08-18 at 16_01_51.csv,,57,digital menu board,PF-002;PF-003,67,,REVIEW_RELEVANT,PENDING_REVIEW,,50,中,63,0%,0%,"{""Avg. monthly searches"": ""50"", ""Competition"": ""中"", ""Competition (indexed value)"": ""63"", ""Top of page bid (high range)"": ""96.78"", ""Top of page bid (low range)"": ""42.06""}"
digital menu system,en-US,Google Keyword Planner,United States,2026-08-18,Keyword Stats 2026-08-18 at 16_01_51.csv,,51,digital menu board,PF-002;PF-003,67,,REVIEW_RELEVANT,PENDING_REVIEW,,50,高,82,0%,-90%,"{""Avg. monthly searches"": ""50"", ""Competition"": ""高"", ""Competition (indexed value)"": ""82"", ""Top of page bid (high range)"": ""295.78"", ""Top of page bid (low range)"": ""43.80""}"
digital price board,en-US,Google Keyword Planner,United States,2026-08-18,Keyword Stats 2026-08-18 at 16_01_51.csv,,59,digital menu board,PF-002;PF-003,67,,REVIEW_RELEVANT,PENDING_REVIEW,,50,中,57,0%,0%,"{""Avg. monthly searches"": ""50"", ""Competition"": ""中"", ""Competition (indexed value)"": ""57"", ""Top of page bid (high range)"": ""51.37"", ""Top of page bid (low range)"": ""33.79""}"
digital restaurant menu display,en-US,Google Keyword Planner,United States,2026-08-18,Keyword Stats 2026-08-18 at 16_01_51.csv,,102,digital menu board,PF-002;PF-003,67,,REVIEW_RELEVANT,PENDING_REVIEW,,50,高,95,0%,0%,"{""Avg. monthly searches"": ""50"", ""Competition"": ""高"", ""Competition (indexed value)"": ""95"", ""Top of page bid (high range)"": ""260.52"", ""Top of page bid (low range)"": ""76.51""}"
digital restaurant menu sign,en-US,Google Keyword Planner,United States,2026-08-18,Keyword Stats 2026-08-18 at 16_01_51.csv,,112,digital menu board,PF-002;PF-003,67,,REVIEW_RELEVANT,PENDING_REVIEW,,50,未知,,-100%,-100%,"{""Avg. monthly searches"": ""50"", ""Competition"": ""未知""}"
digital sign boards for restaurants,en-US,Google Keyword Planner,United States,2026-08-18,Keyword Stats 2026-08-18 at 16_01_51.csv,,90,digital menu board,PF-002;PF-003,67,,REVIEW_RELEVANT,PENDING_REVIEW,,50,高,71,0%,0%,"{""Avg. monthly searches"": ""50"", ""Competition"": ""高"", ""Competition (indexed value)"": ""71""}"
digital signage for restaurant menu,en-US,Google Keyword Planner,United States,2026-08-18,Keyword Stats 2026-08-18 at 16_01_51.csv,,63,android digital signage,PF-001;PF-003,67,,REVIEW_RELEVANT,PENDING_REVIEW,,50,高,100,0%,0%,"{""Avg. monthly searches"": ""50"", ""Competition"": ""高"", ""Competition (indexed value)"": ""100""}"
digital signage media,en-US,Google Keyword Planner,United States,2026-08-18,Keyword Stats 2026-08-18 at 16_01_51.csv,,45,android digital signage,PF-001;PF-003,67,,REVIEW_RELEVANT,PENDING_REVIEW,,50,低,0,0%,0%,"{""Avg. monthly searches"": ""50"", ""Competition"": ""低"", ""Competition (indexed value)"": ""0""}"
digital signage media box,en-US,Google Keyword Planner,United States,2026-08-18,Keyword Stats 2026-08-18 at 16_01_51.csv,,94,android digital signage,PF-001;PF-003,67,,REVIEW_RELEVANT,PENDING_REVIEW,,50,未知,,0%,-100%,"{""Avg. monthly searches"": ""50"", ""Competition"": ""未知""}"
electronic menu boards for restaurants,en-US,Google Keyword Planner,United States,2026-08-18,Keyword Stats 2026-08-18 at 16_01_51.csv,,48,digital menu board,PF-002;PF-003,67,,REVIEW_RELEVANT,PENDING_REVIEW,,50,高,78,0%,0%,"{""Avg. monthly searches"": ""50"", ""Competition"": ""高"", ""Competition (indexed value)"": ""78"", ""Top of page bid (high range)"": ""164.26"", ""Top of page bid (low range)"": ""20.66""}"
electronic menu display board,en-US,Google Keyword Planner,United States,2026-08-18,Keyword Stats 2026-08-18 at 16_01_51.csv,,49,digital menu board,PF-002;PF-003,67,,REVIEW_RELEVANT,PENDING_REVIEW,,50,高,100,0%,0%,"{""Avg. monthly searches"": ""50"", ""Competition"": ""高"", ""Competition (indexed value)"": ""100"", ""Top of page bid (high range)"": ""57.73"", ""Top of page bid (low range)"": ""13.43""}"
food menu boards,en-US,Google Keyword Planner,United States,2026-08-18,Keyword Stats 2026-08-18 at 16_01_51.csv,,113,digital menu board,PF-002;PF-003,67,,REVIEW_RELEVANT,PENDING_REVIEW,,50,高,100,0%,0%,"{""Avg. monthly searches"": ""50"", ""Competition"": ""高"", ""Competition (indexed value)"": ""100"", ""Top of page bid (high range)"": ""49.34"", ""Top of page bid (low range)"": ""2.01""}"
food menu display board,en-US,Google Keyword Planner,United States,2026-08-18,Keyword Stats 2026-08-18 at 16_01_51.csv,,101,digital menu board,PF-002;PF-003,67,,REVIEW_RELEVANT,PENDING_REVIEW,,50,高,100,0%,0%,"{""Avg. monthly searches"": ""50"", ""Competition"": ""高"", ""Competition (indexed value)"": ""100""}"
lcd menu board,en-US,Google Keyword Planner,United States,2026-08-18,Keyword Stats 2026-08-18 at 16_01_51.csv,,54,digital menu board,PF-002;PF-003,67,,REVIEW_RELEVANT,PENDING_REVIEW,,50,高,95,0%,-90%,"{""Avg. monthly searches"": ""50"", ""Competition"": ""高"", ""Competition (indexed value)"": ""95"", ""Top of page bid (high range)"": ""40.45"", ""Top of page bid (low range)"": ""15.62""}"
media signage player,en-US,Google Keyword Planner,United States,2026-08-18,Keyword Stats 2026-08-18 at 16_01_51.csv,,31,digital signage player,PF-002;PF-003,67,,REVIEW_RELEVANT,PENDING_REVIEW,,50,低,27,0%,0%,"{""Avg. monthly searches"": ""50"", ""Competition"": ""低"", ""Competition (indexed value)"": ""27"", ""Top of page bid (high range)"": ""89.37"", ""Top of page bid (low range)"": ""29.19""}"
menu board cost,en-US,Google Keyword Planner,United States,2026-08-18,Keyword Stats 2026-08-18 at 16_01_51.csv,,115,digital menu board,PF-002;PF-003,67,,REVIEW_RELEVANT,PENDING_REVIEW,,50,高,86,0%,0%,"{""Avg. monthly searches"": ""50"", ""Competition"": ""高"", ""Competition (indexed value)"": ""86""}"
menu board screens,en-US,Google Keyword Planner,United States,2026-08-18,Keyword Stats 2026-08-18 at 16_01_51.csv,,64,digital menu board,PF-002;PF-003,67,,REVIEW_RELEVANT,PENDING_REVIEW,,50,高,67,0%,0%,"{""Avg. monthly searches"": ""50"", ""Competition"": ""高"", ""Competition (indexed value)"": ""67"", ""Top of page bid (high range)"": ""87.73"", ""Top of page bid (low range)"": ""9.93""}"
menu board system,en-US,Google Keyword Planner,United States,2026-08-18,Keyword Stats 2026-08-18 at 16_01_51.csv,,83,digital menu board,PF-002;PF-003,67,,REVIEW_RELEVANT,PENDING_REVIEW,,50,高,95,0%,0%,"{""Avg. monthly searches"": ""50"", ""Competition"": ""高"", ""Competition (indexed value)"": ""95""}"
network signage player,en-US,Google Keyword Planner,United States,2026-08-18,Keyword Stats 2026-08-18 at 16_01_51.csv,,99,digital signage player,PF-002;PF-003,67,,REVIEW_RELEVANT,PENDING_REVIEW,,50,未知,,-100%,0%,"{""Avg. monthly searches"": ""50"", ""Competition"": ""未知""}"
pizza menu boards,en-US,Google Keyword Planner,United States,2026-08-18,Keyword Stats 2026-08-18 at 16_01_51.csv,,104,digital menu board,PF-002;PF-003,67,,REVIEW_RELEVANT,PENDING_REVIEW,,50,高,100,0%,0%,"{""Avg. monthly searches"": ""50"", ""Competition"": ""高"", ""Competition (indexed value)"": ""100""}"
programmable menu board,en-US,Google Keyword Planner,United States,2026-08-18,Keyword Stats 2026-08-18 at 16_01_51.csv,,71,digital menu board,PF-002;PF-003,67,,REVIEW_RELEVANT,PENDING_REVIEW,,50,高,100,0%,0%,"{""Avg. monthly searches"": ""50"", ""Competition"": ""高"", ""Competition (indexed value)"": ""100"", ""Top of page bid (high range)"": ""115.82"", ""Top of page bid (low range)"": ""17.19""}"
restaurant digital menu display,en-US,Google Keyword Planner,United States,2026-08-18,Keyword Stats 2026-08-18 at 16_01_51.csv,,77,digital menu board,PF-002;PF-003,67,,REVIEW_RELEVANT,PENDING_REVIEW,,50,低,24,0%,0%,"{""Avg. monthly searches"": ""50"", ""Competition"": ""低"", ""Competition (indexed value)"": ""24""}"
restaurant menu board display,en-US,Google Keyword Planner,United States,2026-08-18,Keyword Stats 2026-08-18 at 16_01_51.csv,,116,digital menu board,PF-002;PF-003,67,,REVIEW_RELEVANT,PENDING_REVIEW,,50,高,100,0%,0%,"{""Avg. monthly searches"": ""50"", ""Competition"": ""高"", ""Competition (indexed value)"": ""100"", ""Top of page bid (high range)"": ""61.11"", ""Top of page bid (low range)"": ""5.33""}"
restaurant menu display board,en-US,Google Keyword Planner,United States,2026-08-18,Keyword Stats 2026-08-18 at 16_01_51.csv,,80,digital menu board,PF-002;PF-003,67,,REVIEW_RELEVANT,PENDING_REVIEW,,50,高,100,0%,0%,"{""Avg. monthly searches"": ""50"", ""Competition"": ""高"", ""Competition (indexed value)"": ""100"", ""Top of page bid (high range)"": ""61.11"", ""Top of page bid (low range)"": ""5.33""}"
screen menu board,en-US,Google Keyword Planner,United States,2026-08-18,Keyword Stats 2026-08-18 at 16_01_51.csv,,53,digital menu board,PF-002;PF-003,67,,REVIEW_RELEVANT,PENDING_REVIEW,,50,未知,,-100%,-100%,"{""Avg. monthly searches"": ""50"", ""Competition"": ""未知""}"
signage app for android,en-US,Google Keyword Planner,United States,2026-08-18,Keyword Stats 2026-08-18 at 16_01_51.csv,,72,android digital signage,PF-001;PF-003,67,,REVIEW_RELEVANT,PENDING_REVIEW,,50,未知,,0%,-100%,"{""Avg. monthly searches"": ""50"", ""Competition"": ""未知""}"
signage player box,en-US,Google Keyword Planner,United States,2026-08-18,Keyword Stats 2026-08-18 at 16_01_51.csv,,68,digital signage player,PF-002;PF-003,67,,REVIEW_RELEVANT,PENDING_REVIEW,,50,高,100,0%,0%,"{""Avg. monthly searches"": ""50"", ""Competition"": ""高"", ""Competition (indexed value)"": ""100"", ""Top of page bid (high range)"": ""43.33"", ""Top of page bid (low range)"": ""13.25""}"
electronic menu,en-US,Google Keyword Planner,United States,2026-08-18,Keyword Stats 2026-08-18 at 16_01_51.csv,,41,digital menu board,PF-002;PF-003,50,,REVIEW_RELEVANT,PENDING_REVIEW,,5000,低,23,0%,0%,"{""Avg. monthly searches"": ""5000"", ""Competition"": ""低"", ""Competition (indexed value)"": ""23"", ""Top of page bid (high range)"": ""28.51"", ""Top of page bid (low range)"": ""2.09""}"
signage menu,en-US,Google Keyword Planner,United States,2026-08-18,Keyword Stats 2026-08-18 at 16_01_51.csv,,100,android digital signage,PF-001;PF-003,50,,REVIEW_RELEVANT,PENDING_REVIEW,,500,高,100,-90%,0%,"{""Avg. monthly searches"": ""500"", ""Competition"": ""高"", ""Competition (indexed value)"": ""100"", ""Top of page bid (high range)"": ""55.53"", ""Top of page bid (low range)"": ""6.78""}"
screenly player,en-US,Google Keyword Planner,United States,2026-08-18,Keyword Stats 2026-08-18 at 16_01_51.csv,,37,digital signage player,PF-002;PF-003,50,,REVIEW_RELEVANT,PENDING_REVIEW,,50,中,59,0%,0%,"{""Avg. monthly searches"": ""50"", ""Competition"": ""中"", ""Competition (indexed value)"": ""59"", ""Top of page bid (high range)"": ""92.24"", ""Top of page bid (low range)"": ""33.16""}"
cloud based digital signage player,en-US,Google Keyword Planner,United States,2026-08-18,Keyword Stats 2026-08-18 at 16_01_51.csv,,85,digital signage player,PF-002;PF-003,100,cloud,REVIEW_INTENT_RISK,PENDING_REVIEW,,50,未知,,-100%,-100%,"{""Avg. monthly searches"": ""50"", ""Competition"": ""未知""}"
cloud signage player,en-US,Google Keyword Planner,United States,2026-08-18,Keyword Stats 2026-08-18 at 16_01_51.csv,,43,digital signage player,PF-002;PF-003,67,cloud,REVIEW_INTENT_RISK,PENDING_REVIEW,,50,高,100,0%,0%,"{""Avg. monthly searches"": ""50"", ""Competition"": ""高"", ""Competition (indexed value)"": ""100""}"
electronic menu for restaurants,en-US,Google Keyword Planner,United States,2026-08-18,Keyword Stats 2026-08-18 at 16_01_51.csv,,75,digital menu board,PF-002;PF-003,33,,LOW_RELEVANCE,PENDING_REVIEW,,500,高,90,0%,0%,"{""Avg. monthly searches"": ""500"", ""Competition"": ""高"", ""Competition (indexed value)"": ""90"", ""Top of page bid (high range)"": ""150.24"", ""Top of page bid (low range)"": ""32.69""}"
digital media screens,en-US,Google Keyword Planner,United States,2026-08-18,Keyword Stats 2026-08-18 at 16_01_51.csv,,26,android digital signage,PF-001;PF-003,33,,LOW_RELEVANCE,PENDING_REVIEW,,50,高,100,0%,0%,"{""Avg. monthly searches"": ""50"", ""Competition"": ""高"", ""Competition (indexed value)"": ""100"", ""Top of page bid (high range)"": ""105.18"", ""Top of page bid (low range)"": ""34.77""}"
electronic menu display,en-US,Google Keyword Planner,United States,2026-08-18,Keyword Stats 2026-08-18 at 16_01_51.csv,,66,digital menu board,PF-002;PF-003,33,,LOW_RELEVANCE,PENDING_REVIEW,,50,高,97,0%,0%,"{""Avg. monthly searches"": ""50"", ""Competition"": ""高"", ""Competition (indexed value)"": ""97"", ""Top of page bid (high range)"": ""108.30"", ""Top of page bid (low range)"": ""16.63""}"
electronic menu signs,en-US,Google Keyword Planner,United States,2026-08-18,Keyword Stats 2026-08-18 at 16_01_51.csv,,61,digital menu board,PF-002;PF-003,33,,LOW_RELEVANCE,PENDING_REVIEW,,50,高,95,0%,0%,"{""Avg. monthly searches"": ""50"", ""Competition"": ""高"", ""Competition (indexed value)"": ""95"", ""Top of page bid (high range)"": ""42.29"", ""Top of page bid (low range)"": ""20.22""}"
lcd screen for restaurant menu,en-US,Google Keyword Planner,United States,2026-08-18,Keyword Stats 2026-08-18 at 16_01_51.csv,,62,digital menu board,PF-002;PF-003,33,,LOW_RELEVANCE,PENDING_REVIEW,,50,高,98,0%,0%,"{""Avg. monthly searches"": ""50"", ""Competition"": ""高"", ""Competition (indexed value)"": ""98""}"
restaurant menu display screen,en-US,Google Keyword Planner,United States,2026-08-18,Keyword Stats 2026-08-18 at 16_01_51.csv,,36,digital menu board,PF-002;PF-003,33,,LOW_RELEVANCE,PENDING_REVIEW,,50,高,100,0%,-90%,"{""Avg. monthly searches"": ""50"", ""Competition"": ""高"", ""Competition (indexed value)"": ""100"", ""Top of page bid (high range)"": ""97.73"", ""Top of page bid (low range)"": ""20.22""}"
